1999 Mundane Office Space	https://aesthetics.fandom.com/wiki/1999_Mundane_Office_Space	pages/1999_Mundane_Office_Space.html
2000s Preppy	https://aesthetics.fandom.com/wiki/2000s_Preppy	pages/2000s_Preppy.html
2010s Internet	https://aesthetics.fandom.com/wiki/2010s_Internet	pages/2010s_Internet.html
2014 Girly	https://aesthetics.fandom.com/wiki/2014_Girly	pages/2014_Girly.html
2014 Tumblr	https://aesthetics.fandom.com/wiki/2014_Tumblr	pages/2014_Tumblr.html
2020 TikTok	https://aesthetics.fandom.com/wiki/2020_TikTok	pages/2020_TikTok.html
2020s Gamer	https://aesthetics.fandom.com/wiki/2020s_Gamer	pages/2020s_Gamer.html
50s Suburbia	https://aesthetics.fandom.com/wiki/50s_Suburbia	pages/50s_Suburbia.html
8-Bit	https://aesthetics.fandom.com/wiki/8-Bit	pages/8Bit.html
90s Cool	https://aesthetics.fandom.com/wiki/90s_Cool	pages/90s_Cool.html
Abstract Tech	https://aesthetics.fandom.com/wiki/Abstract_Tech	pages/Abstract_Tech.html
Acid Design	https://aesthetics.fandom.com/wiki/Acid_Design	pages/Acid_Design.html
Acid House	https://aesthetics.fandom.com/wiki/Acid_House	pages/Acid_House.html
Adventurecore	https://aesthetics.fandom.com/wiki/Adventurecore	pages/Adventurecore.html
Adventure Pulp	https://aesthetics.fandom.com/wiki/Adventure_Pulp	pages/Adventure_Pulp.html
Aestheticism	https://aesthetics.fandom.com/wiki/Aestheticism	pages/Aestheticism.html
Aetherpunk	https://aesthetics.fandom.com/wiki/Aetherpunk	pages/Aetherpunk.html
Afrofuturism	https://aesthetics.fandom.com/wiki/Afrofuturism	pages/Afrofuturism.html
Afropunk	https://aesthetics.fandom.com/wiki/Afropunk	pages/Afropunk.html
After Hours	https://aesthetics.fandom.com/wiki/After_Hours	pages/After_Hours.html
Alien	https://aesthetics.fandom.com/wiki/Alien	pages/Alien.html
Alternative	https://aesthetics.fandom.com/wiki/Alternative	pages/Alternative.html
American Kitsch	https://aesthetics.fandom.com/wiki/American_Kitsch	pages/American_Kitsch.html
American Pioneers	https://aesthetics.fandom.com/wiki/American_Pioneers	pages/American_Pioneers.html
American Thanksgiving	https://aesthetics.fandom.com/wiki/American_Thanksgiving	pages/American_Thanksgiving.html
Americana	https://aesthetics.fandom.com/wiki/Americana	pages/Americana.html
Analog Horror	https://aesthetics.fandom.com/wiki/Analog_Horror	pages/Analog_Horror.html
Ancient Egypt	https://aesthetics.fandom.com/wiki/Ancient_Egypt	pages/Ancient_Egypt.html
Androgynous	https://aesthetics.fandom.com/wiki/Androgynous	pages/Androgynous.html
Angelcore	https://aesthetics.fandom.com/wiki/Angelcore	pages/Angelcore.html
Anglo Gothic	https://aesthetics.fandom.com/wiki/Anglo_Gothic	pages/Anglo_Gothic.html
Angura	https://aesthetics.fandom.com/wiki/Angura	pages/Angura.html
Animecore	https://aesthetics.fandom.com/wiki/Animecore	pages/Animecore.html
Anti-Fashion	https://aesthetics.fandom.com/wiki/Anti-Fashion	pages/AntiFashion.html
Appalachian Gothic	https://aesthetics.fandom.com/wiki/Appalachian_Gothic	pages/Appalachian_Gothic.html
Arabian Nights	https://aesthetics.fandom.com/wiki/Arabian_Nights	pages/Arabian_Nights.html
Arcadecore	https://aesthetics.fandom.com/wiki/Arcadecore	pages/Arcadecore.html
Art Academia	https://aesthetics.fandom.com/wiki/Art_Academia	pages/Art_Academia.html
Art Deco	https://aesthetics.fandom.com/wiki/Art_Deco	pages/Art_Deco.html
Art Hoe	https://aesthetics.fandom.com/wiki/Art_Hoe	pages/Art_Hoe.html
Art Nouveau	https://aesthetics.fandom.com/wiki/Art_Nouveau	pages/Art_Nouveau.html
Art Singulier	https://aesthetics.fandom.com/wiki/Art_Singulier	pages/Art_Singulier.html
Artcore	https://aesthetics.fandom.com/wiki/Artcore	pages/Artcore.html
Arte Povera	https://aesthetics.fandom.com/wiki/Arte_Povera	pages/Arte_Povera.html
Arts and Crafts	https://aesthetics.fandom.com/wiki/Arts_and_Crafts	pages/Arts_and_Crafts.html
Asian Baby Girl	https://aesthetics.fandom.com/wiki/Asian_Baby_Girl	pages/Asian_Baby_Girl.html
Atompunk	https://aesthetics.fandom.com/wiki/Atompunk	pages/Atompunk.html
Auroracore	https://aesthetics.fandom.com/wiki/Auroracore	pages/Auroracore.html
Australiana	https://aesthetics.fandom.com/wiki/Australiana	pages/Australiana.html
Autumn	https://aesthetics.fandom.com/wiki/Autumn	pages/Autumn.html
Avant Apocalypse	https://aesthetics.fandom.com/wiki/Avant_Apocalypse	pages/Avant_Apocalypse.html
Avant Basic	https://aesthetics.fandom.com/wiki/Avant_Basic	pages/Avant_Basic.html
Avant-garde	https://aesthetics.fandom.com/wiki/Avant-garde	pages/Avantgarde.html
B-Movie Horror	https://aesthetics.fandom.com/wiki/B-Movie_Horror	pages/BMovie_Horror.html
Babycore	https://aesthetics.fandom.com/wiki/Babycore	pages/Babycore.html
Babygirl	https://aesthetics.fandom.com/wiki/Babygirl	pages/Babygirl.html
Baddie	https://aesthetics.fandom.com/wiki/Baddie	pages/Baddie.html
Balearic Beat	https://aesthetics.fandom.com/wiki/Balearic_Beat	pages/Balearic_Beat.html
Ballet Academia	https://aesthetics.fandom.com/wiki/Ballet_Academia	pages/Ballet_Academia.html
Balletcore	https://aesthetics.fandom.com/wiki/Balletcore	pages/Balletcore.html
Ballroom Culture	https://aesthetics.fandom.com/wiki/Ballroom_Culture	pages/Ballroom_Culture.html
Bankara	https://aesthetics.fandom.com/wiki/Bankara	pages/Bankara.html
Barber Salon	https://aesthetics.fandom.com/wiki/Barber_Salon	pages/Barber_Salon.html
Barbiecore	https://aesthetics.fandom.com/wiki/Barbiecore	pages/Barbiecore.html
Bardcore	https://aesthetics.fandom.com/wiki/Bardcore	pages/Bardcore.html
Baroque	https://aesthetics.fandom.com/wiki/Baroque	pages/Baroque.html
Basic Girl	https://aesthetics.fandom.com/wiki/Basic_Girl	pages/Basic_Girl.html
Basque Radical Rock	https://aesthetics.fandom.com/wiki/Basque_Radical_Rock	pages/Basque_Radical_Rock.html
Bauhaus	https://aesthetics.fandom.com/wiki/Bauhaus	pages/Bauhaus.html
Beach Day	https://aesthetics.fandom.com/wiki/Beach_Day	pages/Beach_Day.html
Beatnik	https://aesthetics.fandom.com/wiki/Beatnik	pages/Beatnik.html
Berlin Techno Fashion	https://aesthetics.fandom.com/wiki/Berlin_Techno_Fashion	pages/Berlin_Techno_Fashion.html
Biker	https://aesthetics.fandom.com/wiki/Biker	pages/Biker.html
Bimbocore	https://aesthetics.fandom.com/wiki/Bimbocore	pages/Bimbocore.html
Biopunk	https://aesthetics.fandom.com/wiki/Biopunk	pages/Biopunk.html
Black Ivy	https://aesthetics.fandom.com/wiki/Black_Ivy	pages/Black_Ivy.html
Black Metal	https://aesthetics.fandom.com/wiki/Black_Metal	pages/Black_Metal.html
Bloghouse	https://aesthetics.fandom.com/wiki/Bloghouse	pages/Bloghouse.html
Blokecore	https://aesthetics.fandom.com/wiki/Blokecore	pages/Blokecore.html
Blokette	https://aesthetics.fandom.com/wiki/Blokette	pages/Blokette.html
Bloomcore	https://aesthetics.fandom.com/wiki/Bloomcore	pages/Bloomcore.html
Bodikon	https://aesthetics.fandom.com/wiki/Bodikon	pages/Bodikon.html
Bohemian	https://aesthetics.fandom.com/wiki/Bohemian	pages/Bohemian.html
Bon Chic, Bon Genre	https://aesthetics.fandom.com/wiki/Bon_Chic,_Bon_Genre	pages/Bon_Chic_Bon_Genre.html
Bondage	https://aesthetics.fandom.com/wiki/Bondage	pages/Bondage.html
Bosozoku	https://aesthetics.fandom.com/wiki/Bosozoku	pages/Bosozoku.html
Boujee	https://aesthetics.fandom.com/wiki/Boujee	pages/Boujee.html
Boystyle	https://aesthetics.fandom.com/wiki/Boystyle	pages/Boystyle.html
Bravú	https://aesthetics.fandom.com/wiki/Brav%C3%BA	pages/Bravú.html
Brazilian Bombshell	https://aesthetics.fandom.com/wiki/Brazilian_Bombshell	pages/Brazilian_Bombshell.html
Brazilian Carnival	https://aesthetics.fandom.com/wiki/Brazilian_Carnival	pages/Brazilian_Carnival.html
Bright Tertiaries	https://aesthetics.fandom.com/wiki/Bright_Tertiaries	pages/Bright_Tertiaries.html
Britpop	https://aesthetics.fandom.com/wiki/Britpop	pages/Britpop.html
Brutalism	https://aesthetics.fandom.com/wiki/Brutalism	pages/Brutalism.html
Bubble Bujo	https://aesthetics.fandom.com/wiki/Bubble_Bujo	pages/Bubble_Bujo.html
Bubbleglam	https://aesthetics.fandom.com/wiki/Bubbleglam	pages/Bubbleglam.html
Bubblegum Bitch	https://aesthetics.fandom.com/wiki/Bubblegum_Bitch	pages/Bubblegum_Bitch.html
Bubblegum Coquette	https://aesthetics.fandom.com/wiki/Bubblegum_Coquette	pages/Bubblegum_Coquette.html
Bubblegum Dance	https://aesthetics.fandom.com/wiki/Bubblegum_Dance	pages/Bubblegum_Dance.html
Bubblegum Witch	https://aesthetics.fandom.com/wiki/Bubblegum_Witch	pages/Bubblegum_Witch.html
Buckle Bunny	https://aesthetics.fandom.com/wiki/Buckle_Bunny	pages/Buckle_Bunny.html
Burlesque	https://aesthetics.fandom.com/wiki/Burlesque	pages/Burlesque.html
Busukawaii	https://aesthetics.fandom.com/wiki/Busukawaii	pages/Busukawaii.html
Byzantine	https://aesthetics.fandom.com/wiki/Byzantine	pages/Byzantine.html
Cabincore	https://aesthetics.fandom.com/wiki/Cabincore	pages/Cabincore.html
Camp	https://aesthetics.fandom.com/wiki/Camp	pages/Camp.html
Campcore	https://aesthetics.fandom.com/wiki/Campcore	pages/Campcore.html
Candyland	https://aesthetics.fandom.com/wiki/Candyland	pages/Candyland.html
Caricaturism	https://aesthetics.fandom.com/wiki/Caricaturism	pages/Caricaturism.html
Cartooncore	https://aesthetics.fandom.com/wiki/Cartooncore	pages/Cartooncore.html
Casino	https://aesthetics.fandom.com/wiki/Casino	pages/Casino.html
Cassette Futurism	https://aesthetics.fandom.com/wiki/Cassette_Futurism	pages/Cassette_Futurism.html
Casuals	https://aesthetics.fandom.com/wiki/Casuals	pages/Casuals.html
Catholic Horror	https://aesthetics.fandom.com/wiki/Catholic_Horror	pages/Catholic_Horror.html
Cayetana	https://aesthetics.fandom.com/wiki/Cayetana	pages/Cayetana.html
Changelingcore	https://aesthetics.fandom.com/wiki/Changelingcore	pages/Changelingcore.html
Chaotic Academia	https://aesthetics.fandom.com/wiki/Chaotic_Academia	pages/Chaotic_Academia.html
Chav	https://aesthetics.fandom.com/wiki/Chav	pages/Chav.html
Cherry Emoji Twitter	https://aesthetics.fandom.com/wiki/Cherry_Emoji_Twitter	pages/Cherry_Emoji_Twitter.html
Chic Modernist	https://aesthetics.fandom.com/wiki/Chic_Modernist	pages/Chic_Modernist.html
Chicano Lowrider	https://aesthetics.fandom.com/wiki/Chicano_Lowrider	pages/Chicano_Lowrider.html
Chicha	https://aesthetics.fandom.com/wiki/Chicha	pages/Chicha.html
Chinese New Year	https://aesthetics.fandom.com/wiki/Chinese_New_Year	pages/Chinese_New_Year.html
Choco Girl	https://aesthetics.fandom.com/wiki/Choco_Girl	pages/Choco_Girl.html
Cholo	https://aesthetics.fandom.com/wiki/Cholo	pages/Cholo.html
Chonga	https://aesthetics.fandom.com/wiki/Chonga	pages/Chonga.html
Christian Girl Autumn	https://aesthetics.fandom.com/wiki/Christian_Girl_Autumn	pages/Christian_Girl_Autumn.html
Christmas	https://aesthetics.fandom.com/wiki/Christmas	pages/Christmas.html
Chromecore	https://aesthetics.fandom.com/wiki/Chromecore	pages/Chromecore.html
Chunyu	https://aesthetics.fandom.com/wiki/Chunyu	pages/Chunyu.html
Cinnamon Girl	https://aesthetics.fandom.com/wiki/Cinnamon_Girl	pages/Cinnamon_Girl.html
City Pop	https://aesthetics.fandom.com/wiki/City_Pop	pages/City_Pop.html
Classic Lolita	https://aesthetics.fandom.com/wiki/Classic_Lolita	pages/Classic_Lolita.html
Classicism	https://aesthetics.fandom.com/wiki/Classicism	pages/Classicism.html
Clean Girl	https://aesthetics.fandom.com/wiki/Clean_Girl	pages/Clean_Girl.html
Cleancore	https://aesthetics.fandom.com/wiki/Cleancore	pages/Cleancore.html
Clowncore	https://aesthetics.fandom.com/wiki/Clowncore	pages/Clowncore.html
Club	https://aesthetics.fandom.com/wiki/Club	pages/Club.html
Club Kids	https://aesthetics.fandom.com/wiki/Club_Kids	pages/Club_Kids.html
Cluttercore	https://aesthetics.fandom.com/wiki/Cluttercore	pages/Cluttercore.html
Coastal Cowgirl	https://aesthetics.fandom.com/wiki/Coastal_Cowgirl	pages/Coastal_Cowgirl.html
Coastal Grandmother	https://aesthetics.fandom.com/wiki/Coastal_Grandmother	pages/Coastal_Grandmother.html
Coastal Style	https://aesthetics.fandom.com/wiki/Coastal_Style	pages/Coastal_Style.html
Coconut Girl	https://aesthetics.fandom.com/wiki/Coconut_Girl	pages/Coconut_Girl.html
Coffee House	https://aesthetics.fandom.com/wiki/Coffee_House	pages/Coffee_House.html
Comfy/Cozy	https://aesthetics.fandom.com/wiki/Comfy/Cozy	pages/Comfy_Cozy.html
Communist Chic	https://aesthetics.fandom.com/wiki/Communist_Chic	pages/Communist_Chic.html
Constructivism	https://aesthetics.fandom.com/wiki/Constructivism	pages/Constructivism.html
Coquette	https://aesthetics.fandom.com/wiki/Coquette	pages/Coquette.html
Corporate	https://aesthetics.fandom.com/wiki/Corporate	pages/Corporate.html
Corporate Grunge	https://aesthetics.fandom.com/wiki/Corporate_Grunge	pages/Corporate_Grunge.html
Corporate Hippie	https://aesthetics.fandom.com/wiki/Corporate_Hippie	pages/Corporate_Hippie.html
Corporate Memphis	https://aesthetics.fandom.com/wiki/Corporate_Memphis	pages/Corporate_Memphis.html
Costumbrismo	https://aesthetics.fandom.com/wiki/Costumbrismo	pages/Costumbrismo.html
Cottagecore	https://aesthetics.fandom.com/wiki/Cottagecore	pages/Cottagecore.html
Cottagegore	https://aesthetics.fandom.com/wiki/Cottagegore	pages/Cottagegore.html
Country	https://aesthetics.fandom.com/wiki/Country	pages/Country.html
Cozy Childhood Hideaway	https://aesthetics.fandom.com/wiki/Cozy_Childhood_Hideaway	pages/Cozy_Childhood_Hideaway.html
Crowcore	https://aesthetics.fandom.com/wiki/Crowcore	pages/Crowcore.html
Crustpunk	https://aesthetics.fandom.com/wiki/Crustpunk	pages/Crustpunk.html
Cryptidcore	https://aesthetics.fandom.com/wiki/Cryptidcore	pages/Cryptidcore.html
Cubism	https://aesthetics.fandom.com/wiki/Cubism	pages/Cubism.html
Cuddle Party	https://aesthetics.fandom.com/wiki/Cuddle_Party	pages/Cuddle_Party.html
Cult Party Kei	https://aesthetics.fandom.com/wiki/Cult_Party_Kei	pages/Cult_Party_Kei.html
Cutecore	https://aesthetics.fandom.com/wiki/Cutecore	pages/Cutecore.html
Cyber Doll	https://aesthetics.fandom.com/wiki/Cyber_Doll	pages/Cyber_Doll.html
Cyber Ghetto	https://aesthetics.fandom.com/wiki/Cyber_Ghetto	pages/Cyber_Ghetto.html
Cyber Grunge	https://aesthetics.fandom.com/wiki/Cyber_Grunge	pages/Cyber_Grunge.html
Cyber Stylin'	https://aesthetics.fandom.com/wiki/Cyber_Stylin%27	pages/Cyber_Stylin.html
Cyberdelic	https://aesthetics.fandom.com/wiki/Cyberdelic	pages/Cyberdelic.html
Cybergoth	https://aesthetics.fandom.com/wiki/Cybergoth	pages/Cybergoth.html
Cyberminimalism	https://aesthetics.fandom.com/wiki/Cyberminimalism	pages/Cyberminimalism.html
Cybermorphism	https://aesthetics.fandom.com/wiki/Cybermorphism	pages/Cybermorphism.html
Cyberpop	https://aesthetics.fandom.com/wiki/Cyberpop	pages/Cyberpop.html
Cyberprep	https://aesthetics.fandom.com/wiki/Cyberprep	pages/Cyberprep.html
Cyberpunk	https://aesthetics.fandom.com/wiki/Cyberpunk	pages/Cyberpunk.html
Cybersigilism	https://aesthetics.fandom.com/wiki/Cybersigilism	pages/Cybersigilism.html
Cybervillain	https://aesthetics.fandom.com/wiki/Cybervillain	pages/Cybervillain.html
Dandy	https://aesthetics.fandom.com/wiki/Dandy	pages/Dandy.html
Danish Golden Age	https://aesthetics.fandom.com/wiki/Danish_Golden_Age	pages/Danish_Golden_Age.html
Danish Pastel	https://aesthetics.fandom.com/wiki/Danish_Pastel	pages/Danish_Pastel.html
Dark Academia	https://aesthetics.fandom.com/wiki/Dark_Academia	pages/Dark_Academia.html
Dark Aero	https://aesthetics.fandom.com/wiki/Dark_Aero	pages/Dark_Aero.html
Dark Fantasy	https://aesthetics.fandom.com/wiki/Dark_Fantasy	pages/Dark_Fantasy.html
Dark Naturalism	https://aesthetics.fandom.com/wiki/Dark_Naturalism	pages/Dark_Naturalism.html
Dark Nautical	https://aesthetics.fandom.com/wiki/Dark_Nautical	pages/Dark_Nautical.html
Dark Nymphet	https://aesthetics.fandom.com/wiki/Dark_Nymphet	pages/Dark_Nymphet.html
Dau al Set	https://aesthetics.fandom.com/wiki/Dau_al_Set	pages/Dau_al_Set.html
De Stijl	https://aesthetics.fandom.com/wiki/De_Stijl	pages/De_Stijl.html
Dead Inside	https://aesthetics.fandom.com/wiki/Dead_Inside	pages/Dead_Inside.html
Deathrock	https://aesthetics.fandom.com/wiki/Deathrock	pages/Deathrock.html
Decadence	https://aesthetics.fandom.com/wiki/Decadence	pages/Decadence.html
Decopunk	https://aesthetics.fandom.com/wiki/Decopunk	pages/Decopunk.html
Decora	https://aesthetics.fandom.com/wiki/Decora	pages/Decora.html
Delicate Sweet	https://aesthetics.fandom.com/wiki/Delicate_Sweet	pages/Delicate_Sweet.html
Desert	https://aesthetics.fandom.com/wiki/Desert	pages/Desert.html
Desi Romantic Academia	https://aesthetics.fandom.com/wiki/Desi_Romantic_Academia	pages/Desi_Romantic_Academia.html
Devilcore	https://aesthetics.fandom.com/wiki/Devilcore	pages/Devilcore.html
Dieselpunk	https://aesthetics.fandom.com/wiki/Dieselpunk	pages/Dieselpunk.html
Digital Horror	https://aesthetics.fandom.com/wiki/Digital_Horror	pages/Digital_Horror.html
Diner	https://aesthetics.fandom.com/wiki/Diner	pages/Diner.html
Dionysism	https://aesthetics.fandom.com/wiki/Dionysism	pages/Dionysism.html
Disco	https://aesthetics.fandom.com/wiki/Disco	pages/Disco.html
Divine Machinery	https://aesthetics.fandom.com/wiki/Divine_Machinery	pages/Divine_Machinery.html
Dokukawaii	https://aesthetics.fandom.com/wiki/Dokukawaii	pages/Dokukawaii.html
Dollar Store Vernacular	https://aesthetics.fandom.com/wiki/Dollar_Store_Vernacular	pages/Dollar_Store_Vernacular.html
Dollcore	https://aesthetics.fandom.com/wiki/Dollcore	pages/Dollcore.html
Dollette	https://aesthetics.fandom.com/wiki/Dollette	pages/Dollette.html
Dolly Girl	https://aesthetics.fandom.com/wiki/Dolly_Girl	pages/Dolly_Girl.html
Dolly Kei	https://aesthetics.fandom.com/wiki/Dolly_Kei	pages/Dolly_Kei.html
Doomer	https://aesthetics.fandom.com/wiki/Doomer	pages/Doomer.html
Dopamine Dressing	https://aesthetics.fandom.com/wiki/Dopamine_Dressing	pages/Dopamine_Dressing.html
DORFic	https://aesthetics.fandom.com/wiki/DORFic	pages/DORFic.html
Downtown Girl	https://aesthetics.fandom.com/wiki/Downtown_Girl	pages/Downtown_Girl.html
Dragoncore	https://aesthetics.fandom.com/wiki/Dragoncore	pages/Dragoncore.html
Drain	https://aesthetics.fandom.com/wiki/Drain	pages/Drain.html
Dreamcore	https://aesthetics.fandom.com/wiki/Dreamcore	pages/Dreamcore.html
Dreamy	https://aesthetics.fandom.com/wiki/Dreamy	pages/Dreamy.html
Dungeon Synth	https://aesthetics.fandom.com/wiki/Dungeon_Synth	pages/Dungeon_Synth.html
Dungeonpunk	https://aesthetics.fandom.com/wiki/Dungeonpunk	pages/Dungeonpunk.html
Dutch Golden Age	https://aesthetics.fandom.com/wiki/Dutch_Golden_Age	pages/Dutch_Golden_Age.html
E-Boy	https://aesthetics.fandom.com/wiki/E-Boy	pages/EBoy.html
E-Girl	https://aesthetics.fandom.com/wiki/E-Girl	pages/EGirl.html
Earth Tones	https://aesthetics.fandom.com/wiki/Earth_Tones	pages/Earth_Tones.html
Earthy Black Girl	https://aesthetics.fandom.com/wiki/Earthy_Black_Girl	pages/Earthy_Black_Girl.html
Eclectic Grandpa	https://aesthetics.fandom.com/wiki/Eclectic_Grandpa	pages/Eclectic_Grandpa.html
Electro Swing	https://aesthetics.fandom.com/wiki/Electro_Swing	pages/Electro_Swing.html
Electroclash	https://aesthetics.fandom.com/wiki/Electroclash	pages/Electroclash.html
Electronic Body Music	https://aesthetics.fandom.com/wiki/Electronic_Body_Music	pages/Electronic_Body_Music.html
Electropop 08	https://aesthetics.fandom.com/wiki/Electropop_08	pages/Electropop_08.html
Emo	https://aesthetics.fandom.com/wiki/Emo	pages/Emo.html
Emo Rap	https://aesthetics.fandom.com/wiki/Emo_Rap	pages/Emo_Rap.html
Equestrian	https://aesthetics.fandom.com/wiki/Equestrian	pages/Equestrian.html
Erokawa	https://aesthetics.fandom.com/wiki/Erokawa	pages/Erokawa.html
Ethereal	https://aesthetics.fandom.com/wiki/Ethereal	pages/Ethereal.html
Ethno-Chic	https://aesthetics.fandom.com/wiki/Ethno-Chic	pages/Ethno_Chic.html
Expressionism	https://aesthetics.fandom.com/wiki/Expressionism	pages/Expressionism.html
Factory Pomo	https://aesthetics.fandom.com/wiki/Factory_Pomo	pages/Factory_Pomo.html
Fairy Academia	https://aesthetics.fandom.com/wiki/Fairy_Academia	pages/Fairy_Academia.html
Fairy Grunge	https://aesthetics.fandom.com/wiki/Fairy_Grunge	pages/Fairy_Grunge.html
Fairy Kei	https://aesthetics.fandom.com/wiki/Fairy_Kei	pages/Fairy_Kei.html
Fairycore	https://aesthetics.fandom.com/wiki/Fairycore	pages/Fairycore.html
Fairytale	https://aesthetics.fandom.com/wiki/Fairytale	pages/Fairytale.html
Fanfare	https://aesthetics.fandom.com/wiki/Fanfare	pages/Fanfare.html
FantasY2K	https://aesthetics.fandom.com/wiki/FantasY2K	pages/FantasY2K.html
Fantasy Astronomy	https://aesthetics.fandom.com/wiki/Fantasy_Astronomy	pages/Fantasy_Astronomy.html
Fantasy	https://aesthetics.fandom.com/wiki/Fantasy	pages/Fantasy.html
Farmer's Daughter	https://aesthetics.fandom.com/wiki/Farmer%27s_Daughter	pages/Farmers_Daughter.html
Fashioncore	https://aesthetics.fandom.com/wiki/Fashioncore	pages/Fashioncore.html
Fauvism	https://aesthetics.fandom.com/wiki/Fauvism	pages/Fauvism.html
Female Horror Game Protagonist Fashion	https://aesthetics.fandom.com/wiki/Female_Horror_Game_Protagonist_Fashion	pages/Female_Horror_Game_Protagonist_Fashion.html
Femboy	https://aesthetics.fandom.com/wiki/Femboy	pages/Femboy.html
Femcel Weeaboo	https://aesthetics.fandom.com/wiki/Femcel_Weeaboo	pages/Femcel_Weeaboo.html
Femme Fatale	https://aesthetics.fandom.com/wiki/Femme_Fatale	pages/Femme_Fatale.html
Figuration Narrative	https://aesthetics.fandom.com/wiki/Figuration_Narrative	pages/Figuration_Narrative.html
Film Noir	https://aesthetics.fandom.com/wiki/Film_Noir	pages/Film_Noir.html
Fisherman	https://aesthetics.fandom.com/wiki/Fisherman	pages/Fisherman.html
Flamenco	https://aesthetics.fandom.com/wiki/Flamenco	pages/Flamenco.html
Flapper	https://aesthetics.fandom.com/wiki/Flapper	pages/Flapper.html
Flat Design	https://aesthetics.fandom.com/wiki/Flat_Design	pages/Flat_Design.html
Fleischer Style	https://aesthetics.fandom.com/wiki/Fleischer_Style	pages/Fleischer_Style.html
Flogger	https://aesthetics.fandom.com/wiki/Flogger	pages/Flogger.html
Folk Punk	https://aesthetics.fandom.com/wiki/Folk_Punk	pages/Folk_Punk.html
Foodie	https://aesthetics.fandom.com/wiki/Foodie	pages/Foodie.html
Forestpunk	https://aesthetics.fandom.com/wiki/Forestpunk	pages/Forestpunk.html
Four Colors	https://aesthetics.fandom.com/wiki/Four_Colors	pages/Four_Colors.html
Frasurbane	https://aesthetics.fandom.com/wiki/Frasurbane	pages/Frasurbane.html
Frazzled English Woman	https://aesthetics.fandom.com/wiki/Frazzled_English_Woman	pages/Frazzled_English_Woman.html
French Girly	https://aesthetics.fandom.com/wiki/French_Girly	pages/French_Girly.html
French It Girl	https://aesthetics.fandom.com/wiki/French_It_Girl	pages/French_It_Girl.html
French New Wave	https://aesthetics.fandom.com/wiki/French_New_Wave	pages/French_New_Wave.html
French Provincial Style	https://aesthetics.fandom.com/wiki/French_Provincial_Style	pages/French_Provincial_Style.html
Frutiger Aero	https://aesthetics.fandom.com/wiki/Frutiger_Aero	pages/Frutiger_Aero.html
Frutiger Eco	https://aesthetics.fandom.com/wiki/Frutiger_Eco	pages/Frutiger_Eco.html
Frutiger Metro	https://aesthetics.fandom.com/wiki/Frutiger_Metro	pages/Frutiger_Metro.html
Funk	https://aesthetics.fandom.com/wiki/Funk	pages/Funk.html
Furry	https://aesthetics.fandom.com/wiki/Furry	pages/Furry.html
Future Funk	https://aesthetics.fandom.com/wiki/Future_Funk	pages/Future_Funk.html
Futurism	https://aesthetics.fandom.com/wiki/Futurism	pages/Futurism.html
Gabber	https://aesthetics.fandom.com/wiki/Gabber	pages/Gabber.html
Galaxy Hipster	https://aesthetics.fandom.com/wiki/Galaxy_Hipster	pages/Galaxy_Hipster.html
Gamercore	https://aesthetics.fandom.com/wiki/Gamercore	pages/Gamercore.html
Gangsta Rap	https://aesthetics.fandom.com/wiki/Gangsta_Rap	pages/Gangsta_Rap.html
Gardencore	https://aesthetics.fandom.com/wiki/Gardencore	pages/Gardencore.html
Geek	https://aesthetics.fandom.com/wiki/Geek	pages/Geek.html
Gen X Soft Club	https://aesthetics.fandom.com/wiki/Gen_X_Soft_Club	pages/Gen_X_Soft_Club.html
Gen Z Maximalism	https://aesthetics.fandom.com/wiki/Gen_Z_Maximalism	pages/Gen_Z_Maximalism.html
Ghostcore	https://aesthetics.fandom.com/wiki/Ghostcore	pages/Ghostcore.html
Girl Crush	https://aesthetics.fandom.com/wiki/Girl_Crush	pages/Girl_Crush.html
Girls' Sleepover	https://aesthetics.fandom.com/wiki/Girls%27_Sleepover	pages/Girls_Sleepover.html
Girly Kei	https://aesthetics.fandom.com/wiki/Girly_Kei	pages/Girly_Kei.html
Giscardpunk	https://aesthetics.fandom.com/wiki/Giscardpunk	pages/Giscardpunk.html
Glam Rock	https://aesthetics.fandom.com/wiki/Glam_Rock	pages/Glam_Rock.html
Glitch Art	https://aesthetics.fandom.com/wiki/Glitch_Art	pages/Glitch_Art.html
Glitchbreak	https://aesthetics.fandom.com/wiki/Glitchbreak	pages/Glitchbreak.html
Glitchcore	https://aesthetics.fandom.com/wiki/Glitchcore	pages/Glitchcore.html
Glitter Graphics	https://aesthetics.fandom.com/wiki/Glitter_Graphics	pages/Glitter_Graphics.html
Global Village Coffeehouse	https://aesthetics.fandom.com/wiki/Global_Village_Coffeehouse	pages/Global_Village_Coffeehouse.html
Gloomcore	https://aesthetics.fandom.com/wiki/Gloomcore	pages/Gloomcore.html
Goblincore	https://aesthetics.fandom.com/wiki/Goblincore	pages/Goblincore.html
Golden Age of Detective Fiction	https://aesthetics.fandom.com/wiki/Golden_Age_of_Detective_Fiction	pages/Golden_Age_of_Detective_Fiction.html
Gorecore	https://aesthetics.fandom.com/wiki/Gorecore	pages/Gorecore.html
Gorpcore	https://aesthetics.fandom.com/wiki/Gorpcore	pages/Gorpcore.html
Goth Punk	https://aesthetics.fandom.com/wiki/Goth_Punk	pages/Goth_Punk.html
Goth	https://aesthetics.fandom.com/wiki/Goth	pages/Goth.html
Gothabilly	https://aesthetics.fandom.com/wiki/Gothabilly	pages/Gothabilly.html
Gothic	https://aesthetics.fandom.com/wiki/Gothic	pages/Gothic.html
Gothic Architecture	https://aesthetics.fandom.com/wiki/Gothic_Architecture	pages/Gothic_Architecture.html
Gothic Lolita	https://aesthetics.fandom.com/wiki/Gothic_Lolita	pages/Gothic_Lolita.html
Grandmillenial	https://aesthetics.fandom.com/wiki/Grandmillenial	pages/Grandmillenial.html
Grandparentcore	https://aesthetics.fandom.com/wiki/Grandparentcore	pages/Grandparentcore.html
Granola	https://aesthetics.fandom.com/wiki/Granola	pages/Granola.html
Greaser	https://aesthetics.fandom.com/wiki/Greaser	pages/Greaser.html
Green Academia	https://aesthetics.fandom.com/wiki/Green_Academia	pages/Green_Academia.html
Grindhouse	https://aesthetics.fandom.com/wiki/Grindhouse	pages/Grindhouse.html
Grocery Girl Fall	https://aesthetics.fandom.com/wiki/Grocery_Girl_Fall	pages/Grocery_Girl_Fall.html
Grunge	https://aesthetics.fandom.com/wiki/Grunge	pages/Grunge.html
Guochao	https://aesthetics.fandom.com/wiki/Guochao	pages/Guochao.html
Gurokawa	https://aesthetics.fandom.com/wiki/Gurokawa	pages/Gurokawa.html
Gyaru	https://aesthetics.fandom.com/wiki/Gyaru	pages/Gyaru.html
Hacker	https://aesthetics.fandom.com/wiki/Hacker	pages/Hacker.html
Hair Metal	https://aesthetics.fandom.com/wiki/Hair_Metal	pages/Hair_Metal.html
Halloween	https://aesthetics.fandom.com/wiki/Halloween	pages/Halloween.html
Hallyu	https://aesthetics.fandom.com/wiki/Hallyu	pages/Hallyu.html
Happy Rock	https://aesthetics.fandom.com/wiki/Happy_Rock	pages/Happy_Rock.html
Harajuku Fashion	https://aesthetics.fandom.com/wiki/Harajuku_Fashion	pages/Harajuku_Fashion.html
Hauntology	https://aesthetics.fandom.com/wiki/Hauntology	pages/Hauntology.html
Haussmann Paris	https://aesthetics.fandom.com/wiki/Haussmann_Paris	pages/Haussmann_Paris.html
Health Goth	https://aesthetics.fandom.com/wiki/Health_Goth	pages/Health_Goth.html
Heisei Retro	https://aesthetics.fandom.com/wiki/Heisei_Retro	pages/Heisei_Retro.html
Heistcore	https://aesthetics.fandom.com/wiki/Heistcore	pages/Heistcore.html
Hellenic	https://aesthetics.fandom.com/wiki/Hellenic	pages/Hellenic.html
Heroic Realism	https://aesthetics.fandom.com/wiki/Heroic_Realism	pages/Heroic_Realism.html
Heroin Chic	https://aesthetics.fandom.com/wiki/Heroin_Chic	pages/Heroin_Chic.html
HexD	https://aesthetics.fandom.com/wiki/HexD	pages/HexD.html
Hexatron	https://aesthetics.fandom.com/wiki/Hexatron	pages/Hexatron.html
High School Dream	https://aesthetics.fandom.com/wiki/High_School_Dream	pages/High_School_Dream.html
Hime Lolita	https://aesthetics.fandom.com/wiki/Hime_Lolita	pages/Hime_Lolita.html
Himekaji	https://aesthetics.fandom.com/wiki/Himekaji	pages/Himekaji.html
Hip-Hop	https://aesthetics.fandom.com/wiki/Hip-Hop	pages/Hip-Hop.html
Hipness Purgatory	https://aesthetics.fandom.com/wiki/Hipness_Purgatory	pages/Hipness_Purgatory.html
Hippie	https://aesthetics.fandom.com/wiki/Hippie	pages/Hippie.html
Hipster	https://aesthetics.fandom.com/wiki/Hipster	pages/Hipster.html
Historical Americana	https://aesthetics.fandom.com/wiki/Historical_Americana	pages/Historical_Americana.html
Hollywood Regency	https://aesthetics.fandom.com/wiki/Hollywood_Regency	pages/Hollywood_Regency.html
Holosexual	https://aesthetics.fandom.com/wiki/Holosexual	pages/Holosexual.html
Honeycore	https://aesthetics.fandom.com/wiki/Honeycore	pages/Honeycore.html
Horror	https://aesthetics.fandom.com/wiki/Horror	pages/Horror.html
Horror Punk	https://aesthetics.fandom.com/wiki/Horror_Punk	pages/Horror_Punk.html
Hygge	https://aesthetics.fandom.com/wiki/Hygge	pages/Hygge.html
Hypebeast	https://aesthetics.fandom.com/wiki/Hypebeast	pages/Hypebeast.html
Hyperborean	https://aesthetics.fandom.com/wiki/Hyperborean	pages/Hyperborean.html
Hyperpop	https://aesthetics.fandom.com/wiki/Hyperpop	pages/Hyperpop.html
Icepunk	https://aesthetics.fandom.com/wiki/Icepunk	pages/Icepunk.html
Imperial Romanov	https://aesthetics.fandom.com/wiki/Imperial_Romanov	pages/Imperial_Romanov.html
Impressionism	https://aesthetics.fandom.com/wiki/Impressionism	pages/Impressionism.html
Indie Kid	https://aesthetics.fandom.com/wiki/Indie_Kid	pages/Indie_Kid.html
Indie Sleaze	https://aesthetics.fandom.com/wiki/Indie_Sleaze	pages/Indie_Sleaze.html
Indie	https://aesthetics.fandom.com/wiki/Indie	pages/Indie.html
Indiecraft	https://aesthetics.fandom.com/wiki/Indiecraft	pages/Indiecraft.html
Indigenous Futurisms	https://aesthetics.fandom.com/wiki/Indigenous_Futurisms	pages/Indigenous_Futurisms.html
Industrial	https://aesthetics.fandom.com/wiki/Industrial	pages/Industrial.html
Industrial Decay	https://aesthetics.fandom.com/wiki/Industrial_Decay	pages/Industrial_Decay.html
Industrial Design	https://aesthetics.fandom.com/wiki/Industrial_Design	pages/Industrial_Design.html
International Typographic Style	https://aesthetics.fandom.com/wiki/International_Typographic_Style	pages/International_Typographic_Style.html
Internet Awesomesauce	https://aesthetics.fandom.com/wiki/Internet_Awesomesauce	pages/Internet_Awesomesauce.html
Ita	https://aesthetics.fandom.com/wiki/Ita	pages/Ita.html
Italian Mafia	https://aesthetics.fandom.com/wiki/Italian_Mafia	pages/Italian_Mafia.html
Italian Renaissance	https://aesthetics.fandom.com/wiki/Italian_Renaissance	pages/Italian_Renaissance.html
Italo Disco	https://aesthetics.fandom.com/wiki/Italo_Disco	pages/Italo_Disco.html
Japandi	https://aesthetics.fandom.com/wiki/Japandi	pages/Japandi.html
Japonisme	https://aesthetics.fandom.com/wiki/Japonisme	pages/Japonisme.html
Jejemon	https://aesthetics.fandom.com/wiki/Jejemon	pages/Jejemon.html
Jirai Kei	https://aesthetics.fandom.com/wiki/Jirai_Kei	pages/Jirai_Kei.html
Jock	https://aesthetics.fandom.com/wiki/Jock	pages/Jock.html
Juggalo	https://aesthetics.fandom.com/wiki/Juggalo	pages/Juggalo.html
Junglecore	https://aesthetics.fandom.com/wiki/Junglecore	pages/Junglecore.html
Junkpunk	https://aesthetics.fandom.com/wiki/Junkpunk	pages/Junkpunk.html
Kandi Raver	https://aesthetics.fandom.com/wiki/Kandi_Raver	pages/Kandi_Raver.html
Karasu Zoku	https://aesthetics.fandom.com/wiki/Karasu_Zoku	pages/Karasu_Zoku.html
Kawaii	https://aesthetics.fandom.com/wiki/Kawaii	pages/Kawaii.html
Kawaii Gamer	https://aesthetics.fandom.com/wiki/Kawaii_Gamer	pages/Kawaii_Gamer.html
Kid Science	https://aesthetics.fandom.com/wiki/Kid_Science	pages/Kid_Science.html
Kidcore	https://aesthetics.fandom.com/wiki/Kidcore	pages/Kidcore.html
Kinderwhore	https://aesthetics.fandom.com/wiki/Kinderwhore	pages/Kinderwhore.html
Kingcore	https://aesthetics.fandom.com/wiki/Kingcore	pages/Kingcore.html
Kitsch Las Vegas	https://aesthetics.fandom.com/wiki/Kitsch_Las_Vegas	pages/Kitsch_Las_Vegas.html
Kiwiana	https://aesthetics.fandom.com/wiki/Kiwiana	pages/Kiwiana.html
Knightcore	https://aesthetics.fandom.com/wiki/Knightcore	pages/Knightcore.html
Kogal	https://aesthetics.fandom.com/wiki/Kogal	pages/Kogal.html
Korean Cozy Beige	https://aesthetics.fandom.com/wiki/Korean_Cozy_Beige	pages/Korean_Cozy_Beige.html
Krocha	https://aesthetics.fandom.com/wiki/Krocha	pages/Krocha.html
Krushclub	https://aesthetics.fandom.com/wiki/Krushclub	pages/Krushclub.html
Kuromicore	https://aesthetics.fandom.com/wiki/Kuromicore	pages/Kuromicore.html
La Movida	https://aesthetics.fandom.com/wiki/La_Movida	pages/La_Movida.html
La Sape	https://aesthetics.fandom.com/wiki/La_Sape	pages/La_Sape.html
Labcore	https://aesthetics.fandom.com/wiki/Labcore	pages/Labcore.html
Larme Kei	https://aesthetics.fandom.com/wiki/Larme_Kei	pages/Larme_Kei.html
Larpercore	https://aesthetics.fandom.com/wiki/Larpercore	pages/Larpercore.html
Laser Grid	https://aesthetics.fandom.com/wiki/Laser_Grid	pages/Laser_Grid.html
Late 2000s Elementary School	https://aesthetics.fandom.com/wiki/Late_2000s_Elementary_School	pages/Late_2000s_Elementary_School.html
Light Academia	https://aesthetics.fandom.com/wiki/Light_Academia	pages/Light_Academia.html
Ligne Claire	https://aesthetics.fandom.com/wiki/Ligne_Claire	pages/Ligne_Claire.html
Liminal Space	https://aesthetics.fandom.com/wiki/Liminal_Space	pages/Liminal_Space.html
Live Laugh Love	https://aesthetics.fandom.com/wiki/Live_Laugh_Love	pages/Live_Laugh_Love.html
Living Doll	https://aesthetics.fandom.com/wiki/Living_Doll	pages/Living_Doll.html
Lo-fi	https://aesthetics.fandom.com/wiki/Lo-fi	pages/Lofi.html
Lobotomy Chic	https://aesthetics.fandom.com/wiki/Lobotomy_Chic	pages/Lobotomy_Chic.html
Lolicore	https://aesthetics.fandom.com/wiki/Lolicore	pages/Lolicore.html
Lolita	https://aesthetics.fandom.com/wiki/Lolita	pages/Lolita.html
Lovecore	https://aesthetics.fandom.com/wiki/Lovecore	pages/Lovecore.html
Low Poly	https://aesthetics.fandom.com/wiki/Low_Poly	pages/Low_Poly.html
Lowbrow	https://aesthetics.fandom.com/wiki/Lowbrow	pages/Lowbrow.html
Lunarpunk	https://aesthetics.fandom.com/wiki/Lunarpunk	pages/Lunarpunk.html
Madchester	https://aesthetics.fandom.com/wiki/Madchester	pages/Madchester.html
Mad Scientist	https://aesthetics.fandom.com/wiki/Mad_Scientist	pages/Mad_Scientist.html
Magical Girl	https://aesthetics.fandom.com/wiki/Magical_Girl	pages/Magical_Girl.html
Magiciancore	https://aesthetics.fandom.com/wiki/Magiciancore	pages/Magiciancore.html
Maid	https://aesthetics.fandom.com/wiki/Maid	pages/Maid.html
Maillard Style	https://aesthetics.fandom.com/wiki/Maillard_Style	pages/Maillard_Style.html
Mallgoth	https://aesthetics.fandom.com/wiki/Mallgoth	pages/Mallgoth.html
Mall Ninja	https://aesthetics.fandom.com/wiki/Mall_Ninja	pages/Mall_Ninja.html
Mallsoft	https://aesthetics.fandom.com/wiki/Mallsoft	pages/Mallsoft.html
Mandrake	https://aesthetics.fandom.com/wiki/Mandrake	pages/Mandrake.html
Manguebeat	https://aesthetics.fandom.com/wiki/Manguebeat	pages/Manguebeat.html
Manueline	https://aesthetics.fandom.com/wiki/Manueline	pages/Manueline.html
Marshmallow Girl	https://aesthetics.fandom.com/wiki/Marshmallow_Girl	pages/Marshmallow_Girl.html
Maximalism	https://aesthetics.fandom.com/wiki/Maximalism	pages/Maximalism.html
McBling	https://aesthetics.fandom.com/wiki/McBling	pages/McBling.html
Meatcore	https://aesthetics.fandom.com/wiki/Meatcore	pages/Meatcore.html
Mecha	https://aesthetics.fandom.com/wiki/Mecha	pages/Mecha.html
Med-Tech Visions	https://aesthetics.fandom.com/wiki/Med-Tech_Visions	pages/MedTech_Visions.html
Medicalcore	https://aesthetics.fandom.com/wiki/Medicalcore	pages/Medicalcore.html
Medieval Fantasy	https://aesthetics.fandom.com/wiki/Medieval_Fantasy	pages/Medieval_Fantasy.html
Medieval	https://aesthetics.fandom.com/wiki/Medieval	pages/Medieval.html
Meme Rap	https://aesthetics.fandom.com/wiki/Meme_Rap	pages/Meme_Rap.html
Memphis Design	https://aesthetics.fandom.com/wiki/Memphis_Design	pages/Memphis_Design.html
Memphis Lite	https://aesthetics.fandom.com/wiki/Memphis_Lite	pages/Memphis_Lite.html
Mermaid	https://aesthetics.fandom.com/wiki/Mermaid	pages/Mermaid.html
Messy French It Girl	https://aesthetics.fandom.com/wiki/Messy_French_It_Girl	pages/Messy_French_It_Girl.html
Metal	https://aesthetics.fandom.com/wiki/Metal	pages/Metal.html
Metalheart	https://aesthetics.fandom.com/wiki/Metalheart	pages/Metalheart.html
Metrosexual	https://aesthetics.fandom.com/wiki/Metrosexual	pages/Metrosexual.html
Mexican Muralism	https://aesthetics.fandom.com/wiki/Mexican_Muralism	pages/Mexican_Muralism.html
Mid-Century Modern	https://aesthetics.fandom.com/wiki/Mid-Century_Modern	pages/MidCentury_Modern.html
Midwest Emo	https://aesthetics.fandom.com/wiki/Midwest_Emo	pages/Midwest_Emo.html
Midwest Gothic	https://aesthetics.fandom.com/wiki/Midwest_Gothic	pages/Midwest_Gothic.html
Milipili	https://aesthetics.fandom.com/wiki/Milipili	pages/Milipili.html
Military	https://aesthetics.fandom.com/wiki/Military	pages/Military.html
Minet	https://aesthetics.fandom.com/wiki/Minet	pages/Minet.html
Miniature	https://aesthetics.fandom.com/wiki/Miniature	pages/Miniature.html
Minimalism	https://aesthetics.fandom.com/wiki/Minimalism	pages/Minimalism.html
Minimal Wave	https://aesthetics.fandom.com/wiki/Minimal_Wave	pages/Minimal_Wave.html
Mizuiro	https://aesthetics.fandom.com/wiki/Mizuiro	pages/Mizuiro.html
Mob Wife	https://aesthetics.fandom.com/wiki/Mob_Wife	pages/Mob_Wife.html
Mod	https://aesthetics.fandom.com/wiki/Mod	pages/Mod.html
Modernism	https://aesthetics.fandom.com/wiki/Modernism	pages/Modernism.html
Modernisme	https://aesthetics.fandom.com/wiki/Modernisme	pages/Modernisme.html
Moe	https://aesthetics.fandom.com/wiki/Moe	pages/Moe.html
Monochrome Luxe	https://aesthetics.fandom.com/wiki/Monochrome_Luxe	pages/Monochrome_Luxe.html
Mori Kei	https://aesthetics.fandom.com/wiki/Mori_Kei	pages/Mori_Kei.html
Morute	https://aesthetics.fandom.com/wiki/Morute	pages/Morute.html
Mossy	https://aesthetics.fandom.com/wiki/Mossy	pages/Mossy.html
Mote Kei	https://aesthetics.fandom.com/wiki/Mote_Kei	pages/Mote_Kei.html
Mudéjar	https://aesthetics.fandom.com/wiki/Mud%C3%A9jar	pages/Mudéjar.html
Musical Academia	https://aesthetics.fandom.com/wiki/Musical_Academia	pages/Musical_Academia.html
Mythpunk	https://aesthetics.fandom.com/wiki/Mythpunk	pages/Mythpunk.html
Nanchatte Seifuku	https://aesthetics.fandom.com/wiki/Nanchatte_Seifuku	pages/Nanchatte_Seifuku.html
Naturecore	https://aesthetics.fandom.com/wiki/Naturecore	pages/Naturecore.html
Nautical Fantasy	https://aesthetics.fandom.com/wiki/Nautical_Fantasy	pages/Nautical_Fantasy.html
Nautical	https://aesthetics.fandom.com/wiki/Nautical	pages/Nautical.html
Nazi Chic	https://aesthetics.fandom.com/wiki/Nazi_Chic	pages/Nazi_Chic.html
Neko	https://aesthetics.fandom.com/wiki/Neko	pages/Neko.html
Neo-Chinese Style	https://aesthetics.fandom.com/wiki/Neo-Chinese_Style	pages/Neo-Chinese_Style.html
Neo-Pop	https://aesthetics.fandom.com/wiki/Neo-Pop	pages/NeoPop.html
Neoclassicism	https://aesthetics.fandom.com/wiki/Neoclassicism	pages/Neoclassicism.html
Neon Noir	https://aesthetics.fandom.com/wiki/Neon_Noir	pages/Neon_Noir.html
Nerd	https://aesthetics.fandom.com/wiki/Nerd	pages/Nerd.html
Nerdcore Techno	https://aesthetics.fandom.com/wiki/Nerdcore_Techno	pages/Nerdcore_Techno.html
Nerdcore	https://aesthetics.fandom.com/wiki/Nerdcore	pages/Nerdcore.html
Net.art	https://aesthetics.fandom.com/wiki/Net.art	Net.pages/art.html
Neubrutalism	https://aesthetics.fandom.com/wiki/Neubrutalism	pages/Neubrutalism.html
Neue Slowenische Kunst	https://aesthetics.fandom.com/wiki/Neue_Slowenische_Kunst	pages/Neue_Slowenische_Kunst.html
New Age	https://aesthetics.fandom.com/wiki/New_Age	pages/New_Age.html
New Beat	https://aesthetics.fandom.com/wiki/New_Beat	pages/New_Beat.html
New England Gothic	https://aesthetics.fandom.com/wiki/New_England_Gothic	pages/New_England_Gothic.html
New Figuration	https://aesthetics.fandom.com/wiki/New_Figuration	pages/New_Figuration.html
New Look	https://aesthetics.fandom.com/wiki/New_Look	pages/New_Look.html
New Money	https://aesthetics.fandom.com/wiki/New_Money	pages/New_Money.html
New Rave	https://aesthetics.fandom.com/wiki/New_Rave	pages/New_Rave.html
New Romantic	https://aesthetics.fandom.com/wiki/New_Romantic	pages/New_Romantic.html
New Wave	https://aesthetics.fandom.com/wiki/New_Wave	pages/New_Wave.html
Newlyn School	https://aesthetics.fandom.com/wiki/Newlyn_School	pages/Newlyn_School.html
Normcore	https://aesthetics.fandom.com/wiki/Normcore	pages/Normcore.html
Northern Soul	https://aesthetics.fandom.com/wiki/Northern_Soul	pages/Northern_Soul.html
Northerness	https://aesthetics.fandom.com/wiki/Northerness	pages/Northerness.html
Nostalgiacore	https://aesthetics.fandom.com/wiki/Nostalgiacore	pages/Nostalgiacore.html
Noucentisme	https://aesthetics.fandom.com/wiki/Noucentisme	pages/Noucentisme.html
Nouveau Réalisme	https://aesthetics.fandom.com/wiki/Nouveau_R%C3%A9alisme	pages/Nouveau_Réalisme.html
Nu-Goth	https://aesthetics.fandom.com/wiki/Nu-Goth	pages/NuGoth.html
Nu-Metal	https://aesthetics.fandom.com/wiki/Nu-Metal	pages/NuMetal.html
Nu-Punk	https://aesthetics.fandom.com/wiki/Nu-Punk	pages/NuPunk.html
Nuclear	https://aesthetics.fandom.com/wiki/Nuclear	pages/Nuclear.html
Nymphet	https://aesthetics.fandom.com/wiki/Nymphet	pages/Nymphet.html
Ocean Academia	https://aesthetics.fandom.com/wiki/Ocean_Academia	pages/Ocean_Academia.html
Ocean Grunge	https://aesthetics.fandom.com/wiki/Ocean_Grunge	pages/Ocean_Grunge.html
Oceanpunk	https://aesthetics.fandom.com/wiki/Oceanpunk	pages/Oceanpunk.html
Office Siren	https://aesthetics.fandom.com/wiki/Office_Siren	pages/Office_Siren.html
Oktoberfest	https://aesthetics.fandom.com/wiki/Oktoberfest	pages/Oktoberfest.html
Old Hollywood	https://aesthetics.fandom.com/wiki/Old_Hollywood	pages/Old_Hollywood.html
Old Money	https://aesthetics.fandom.com/wiki/Old_Money	pages/Old_Money.html
Olderbrothercore	https://aesthetics.fandom.com/wiki/Olderbrothercore	pages/Olderbrothercore.html
Onii Kei	https://aesthetics.fandom.com/wiki/Onii_Kei	pages/Onii_Kei.html
Op Art	https://aesthetics.fandom.com/wiki/Op_Art	pages/Op_Art.html
Opium	https://aesthetics.fandom.com/wiki/Opium	pages/Opium.html
Oshare Kei	https://aesthetics.fandom.com/wiki/Oshare_Kei	pages/Oshare_Kei.html
Oshi Culture	https://aesthetics.fandom.com/wiki/Oshi_Culture	pages/Oshi_Culture.html
Ostalgie	https://aesthetics.fandom.com/wiki/Ostalgie	pages/Ostalgie.html
Otaku	https://aesthetics.fandom.com/wiki/Otaku	pages/Otaku.html
Pachuco	https://aesthetics.fandom.com/wiki/Pachuco	pages/Pachuco.html
Paleocore	https://aesthetics.fandom.com/wiki/Paleocore	pages/Paleocore.html
Paninaro	https://aesthetics.fandom.com/wiki/Paninaro	pages/Paninaro.html
Paramilitary	https://aesthetics.fandom.com/wiki/Paramilitary	pages/Paramilitary.html
Pastel Academia	https://aesthetics.fandom.com/wiki/Pastel_Academia	pages/Pastel_Academia.html
Pastel Gore	https://aesthetics.fandom.com/wiki/Pastel_Gore	pages/Pastel_Gore.html
Pastel Goth	https://aesthetics.fandom.com/wiki/Pastel_Goth	pages/Pastel_Goth.html
Paty de SP	https://aesthetics.fandom.com/wiki/Paty_de_SP	pages/Paty_de_SP.html
PC-98	https://aesthetics.fandom.com/wiki/PC-98	pages/PC98.html
Peacock Revolution	https://aesthetics.fandom.com/wiki/Peacock_Revolution	pages/Peacock_Revolution.html
PEEPS	https://aesthetics.fandom.com/wiki/PEEPS	pages/PEEPS.html
Peoplehood	https://aesthetics.fandom.com/wiki/Peoplehood	pages/Peoplehood.html
Perky Goth	https://aesthetics.fandom.com/wiki/Perky_Goth	pages/Perky_Goth.html
Photorealism	https://aesthetics.fandom.com/wiki/Photorealism	pages/Photorealism.html
Picniccore	https://aesthetics.fandom.com/wiki/Picniccore	pages/Picniccore.html
Pijo	https://aesthetics.fandom.com/wiki/Pijo	pages/Pijo.html
Pin-up	https://aesthetics.fandom.com/wiki/Pin-up	pages/Pinup.html
Pink Paris Design	https://aesthetics.fandom.com/wiki/Pink_Paris_Design	pages/Pink_Paris_Design.html
Pink Parisian	https://aesthetics.fandom.com/wiki/Pink_Parisian	pages/Pink_Parisian.html
Pink Pilates Princess	https://aesthetics.fandom.com/wiki/Pink_Pilates_Princess	pages/Pink_Pilates_Princess.html
Pink Princess	https://aesthetics.fandom.com/wiki/Pink_Princess	pages/Pink_Princess.html
Pirate	https://aesthetics.fandom.com/wiki/Pirate	pages/Pirate.html
Pixelscape	https://aesthetics.fandom.com/wiki/Pixelscape	pages/Pixelscape.html
Pixel UI	https://aesthetics.fandom.com/wiki/Pixel_UI	pages/Pixel_UI.html
Plaguecore	https://aesthetics.fandom.com/wiki/Plaguecore	pages/Plaguecore.html
Plakatstil	https://aesthetics.fandom.com/wiki/Plakatstil	pages/Plakatstil.html
Plant Mom	https://aesthetics.fandom.com/wiki/Plant_Mom	pages/Plant_Mom.html
Playboy	https://aesthetics.fandom.com/wiki/Playboy	pages/Playboy.html
Pokemón	https://aesthetics.fandom.com/wiki/Pokem%C3%B3n	pages/Pokemón.html
Politicalwave	https://aesthetics.fandom.com/wiki/Politicalwave	pages/Politicalwave.html
Pont-Aven School	https://aesthetics.fandom.com/wiki/Pont-Aven_School	pages/PontAven_School.html
Poolcore	https://aesthetics.fandom.com/wiki/Poolcore	pages/Poolcore.html
Pop Art	https://aesthetics.fandom.com/wiki/Pop_Art	pages/Pop_Art.html
Poppare	https://aesthetics.fandom.com/wiki/Poppare	pages/Poppare.html
Popper	https://aesthetics.fandom.com/wiki/Popper	pages/Popper.html
Positivity Kawaii	https://aesthetics.fandom.com/wiki/Positivity_Kawaii	pages/Positivity_Kawaii.html
Post-Apocalyptic	https://aesthetics.fandom.com/wiki/Post-Apocalyptic	pages/PostApocalyptic.html
Post-Impressionism	https://aesthetics.fandom.com/wiki/Post-Impressionism	pages/PostImpressionism.html
Post-Punk	https://aesthetics.fandom.com/wiki/Post-Punk	pages/PostPunk.html
Poster Gal	https://aesthetics.fandom.com/wiki/Poster_Gal	pages/Poster_Gal.html
Power Dressing	https://aesthetics.fandom.com/wiki/Power_Dressing	pages/Power_Dressing.html
Prairie	https://aesthetics.fandom.com/wiki/Prairie	pages/Prairie.html
Pre-Raphaelite	https://aesthetics.fandom.com/wiki/Pre-Raphaelite	pages/PreRaphaelite.html
Precisionism	https://aesthetics.fandom.com/wiki/Precisionism	pages/Precisionism.html
Prehistoric	https://aesthetics.fandom.com/wiki/Prehistoric	pages/Prehistoric.html
Preppy	https://aesthetics.fandom.com/wiki/Preppy	pages/Preppy.html
Princecore	https://aesthetics.fandom.com/wiki/Princecore	pages/Princecore.html
Princesscore	https://aesthetics.fandom.com/wiki/Princesscore	pages/Princesscore.html
Psychedelia	https://aesthetics.fandom.com/wiki/Psychedelia	pages/Psychedelia.html
Psychobilly	https://aesthetics.fandom.com/wiki/Psychobilly	pages/Psychobilly.html
Punk	https://aesthetics.fandom.com/wiki/Punk	pages/Punk.html
Purism	https://aesthetics.fandom.com/wiki/Purism	pages/Purism.html
Quality Tumblr	https://aesthetics.fandom.com/wiki/Quality_Tumblr	pages/Quality_Tumblr.html
Queencore	https://aesthetics.fandom.com/wiki/Queencore	pages/Queencore.html
Queercore	https://aesthetics.fandom.com/wiki/Queercore	pages/Queercore.html
Racing	https://aesthetics.fandom.com/wiki/Racing	pages/Racing.html
Radical Design	https://aesthetics.fandom.com/wiki/Radical_Design	pages/Radical_Design.html
Raggare	https://aesthetics.fandom.com/wiki/Raggare	pages/Raggare.html
Rave	https://aesthetics.fandom.com/wiki/Rave	pages/Rave.html
Raxet	https://aesthetics.fandom.com/wiki/Raxet	pages/Raxet.html
Raygun Gothic	https://aesthetics.fandom.com/wiki/Raygun_Gothic	pages/Raygun_Gothic.html
Realism	https://aesthetics.fandom.com/wiki/Realism	pages/Realism.html
Regency	https://aesthetics.fandom.com/wiki/Regency	pages/Regency.html
Regional Gothic	https://aesthetics.fandom.com/wiki/Regional_Gothic	pages/Regional_Gothic.html
Renovador Movement	https://aesthetics.fandom.com/wiki/Renovador_Movement	pages/Renovador_Movement.html
Retrofuturism	https://aesthetics.fandom.com/wiki/Retrofuturism	pages/Retrofuturism.html
Riot Grrrl	https://aesthetics.fandom.com/wiki/Riot_Grrrl	pages/Riot_Grrrl.html
Rivethead	https://aesthetics.fandom.com/wiki/Rivethead	pages/Rivethead.html
Roaring 20s	https://aesthetics.fandom.com/wiki/Roaring_20s	pages/Roaring_20s.html
Robotcore	https://aesthetics.fandom.com/wiki/Robotcore	pages/Robotcore.html
Rock 'n' Roll	https://aesthetics.fandom.com/wiki/Rock_%27n%27_Roll	pages/Rock_n_Roll.html
Rockabilly	https://aesthetics.fandom.com/wiki/Rockabilly	pages/Rockabilly.html
Rocketpunk	https://aesthetics.fandom.com/wiki/Rocketpunk	pages/Rocketpunk.html
Rockstar GF	https://aesthetics.fandom.com/wiki/Rockstar_GF	pages/Rockstar_GF.html
Rococo	https://aesthetics.fandom.com/wiki/Rococo	pages/Rococo.html
Romanesque	https://aesthetics.fandom.com/wiki/Romanesque	pages/Romanesque.html
Romantic Academia	https://aesthetics.fandom.com/wiki/Romantic_Academia	pages/Romantic_Academia.html
Romantic Chinese Village	https://aesthetics.fandom.com/wiki/Romantic_Chinese_Village	pages/Romantic_Chinese_Village.html
Romantic Goth	https://aesthetics.fandom.com/wiki/Romantic_Goth	pages/Romantic_Goth.html
Romantic Italian	https://aesthetics.fandom.com/wiki/Romantic_Italian	pages/Romantic_Italian.html
Romanticism	https://aesthetics.fandom.com/wiki/Romanticism	pages/Romanticism.html
Royalcore	https://aesthetics.fandom.com/wiki/Royalcore	pages/Royalcore.html
Rude Boy	https://aesthetics.fandom.com/wiki/Rude_Boy	pages/Rude_Boy.html
Rustic	https://aesthetics.fandom.com/wiki/Rustic	pages/Rustic.html
Ruta Destroy	https://aesthetics.fandom.com/wiki/Ruta_Destroy	pages/Ruta_Destroy.html
Sad Beige	https://aesthetics.fandom.com/wiki/Sad_Beige	pages/Sad_Beige.html
Sadbois and Sadgirls	https://aesthetics.fandom.com/wiki/Sadbois_and_Sadgirls	pages/Sadbois_and_Sadgirls.html
Safari	https://aesthetics.fandom.com/wiki/Safari	pages/Safari.html
Saint Patrick's Day	https://aesthetics.fandom.com/wiki/Saint_Patrick%27s_Day	pages/Saint_Patricks_Day.html
Sandalpunk	https://aesthetics.fandom.com/wiki/Sandalpunk	pages/Sandalpunk.html
Sanriocore	https://aesthetics.fandom.com/wiki/Sanriocore	pages/Sanriocore.html
Scandi Girl Winter	https://aesthetics.fandom.com/wiki/Scandi_Girl_Winter	pages/Scandi_Girl_Winter.html
Scandinavian Design	https://aesthetics.fandom.com/wiki/Scandinavian_Design	pages/Scandinavian_Design.html
Scene Tween	https://aesthetics.fandom.com/wiki/Scene_Tween	pages/Scene_Tween.html
Scene	https://aesthetics.fandom.com/wiki/Scene	pages/Scene.html
Science Academia	https://aesthetics.fandom.com/wiki/Science_Academia	pages/Science_Academia.html
Scrapbook	https://aesthetics.fandom.com/wiki/Scrapbook	pages/Scrapbook.html
Scrapper	https://aesthetics.fandom.com/wiki/Scrapper	pages/Scrapper.html
Seapunk	https://aesthetics.fandom.com/wiki/Seapunk	pages/Seapunk.html
Seiz Breur	https://aesthetics.fandom.com/wiki/Seiz_Breur	pages/Seiz_Breur.html
Shabby Chic	https://aesthetics.fandom.com/wiki/Shabby_Chic	pages/Shabby_Chic.html
Shamate	https://aesthetics.fandom.com/wiki/Shamate	pages/Shamate.html
Shanzhai	https://aesthetics.fandom.com/wiki/Shanzhai	pages/Shanzhai.html
Sharpies	https://aesthetics.fandom.com/wiki/Sharpies	pages/Sharpies.html
Shibuya Punk	https://aesthetics.fandom.com/wiki/Shibuya_Punk	pages/Shibuya_Punk.html
Shoe Diva	https://aesthetics.fandom.com/wiki/Shoe_Diva	pages/Shoe_Diva.html
Shoegaze	https://aesthetics.fandom.com/wiki/Shoegaze	pages/Shoegaze.html
Sigilkore	https://aesthetics.fandom.com/wiki/Sigilkore	pages/Sigilkore.html
Signalism	https://aesthetics.fandom.com/wiki/Signalism	pages/Signalism.html
Silicon Dreams	https://aesthetics.fandom.com/wiki/Silicon_Dreams	pages/Silicon_Dreams.html
Silkpunk	https://aesthetics.fandom.com/wiki/Silkpunk	pages/Silkpunk.html
Silver Age Comics	https://aesthetics.fandom.com/wiki/Silver_Age_Comics	pages/Silver_Age_Comics.html
Situationism	https://aesthetics.fandom.com/wiki/Situationism	pages/Situationism.html
Sizz	https://aesthetics.fandom.com/wiki/Sizz	pages/Sizz.html
Skater	https://aesthetics.fandom.com/wiki/Skater	pages/Skater.html
Skeuomorphism	https://aesthetics.fandom.com/wiki/Skeuomorphism	pages/Skeuomorphism.html
Skinhead	https://aesthetics.fandom.com/wiki/Skinhead	pages/Skinhead.html
Slavic Doll	https://aesthetics.fandom.com/wiki/Slavic_Doll	pages/Slavic_Doll.html
Slavic Violence Tumblr	https://aesthetics.fandom.com/wiki/Slavic_Violence_Tumblr	pages/Slavic_Violence_Tumblr.html
Slimepunk	https://aesthetics.fandom.com/wiki/Slimepunk	pages/Slimepunk.html
Sloanie	https://aesthetics.fandom.com/wiki/Sloanie	pages/Sloanie.html
Slutcore	https://aesthetics.fandom.com/wiki/Slutcore	pages/Slutcore.html
Social Realism	https://aesthetics.fandom.com/wiki/Social_Realism	pages/Social_Realism.html
Socialist Realism	https://aesthetics.fandom.com/wiki/Socialist_Realism	pages/Socialist_Realism.html
Soft Apocalypse	https://aesthetics.fandom.com/wiki/Soft_Apocalypse	pages/Soft_Apocalypse.html
Soft Boy	https://aesthetics.fandom.com/wiki/Soft_Boy	pages/Soft_Boy.html
Soft Colonial Wanderlust	https://aesthetics.fandom.com/wiki/Soft_Colonial_Wanderlust	pages/Soft_Colonial_Wanderlust.html
Soft Countriana	https://aesthetics.fandom.com/wiki/Soft_Countriana	pages/Soft_Countriana.html
Soft Girl	https://aesthetics.fandom.com/wiki/Soft_Girl	pages/Soft_Girl.html
Soft Grunge	https://aesthetics.fandom.com/wiki/Soft_Grunge	pages/Soft_Grunge.html
Solarpunk	https://aesthetics.fandom.com/wiki/Solarpunk	pages/Solarpunk.html
Sots Art	https://aesthetics.fandom.com/wiki/Sots_Art	pages/Sots_Art.html
Southern Belle	https://aesthetics.fandom.com/wiki/Southern_Belle	pages/Southern_Belle.html
Southern French Gothic	https://aesthetics.fandom.com/wiki/Southern_French_Gothic	pages/Southern_French_Gothic.html
Southern Gothic	https://aesthetics.fandom.com/wiki/Southern_Gothic	pages/Southern_Gothic.html
Soviet Nostalgia	https://aesthetics.fandom.com/wiki/Soviet_Nostalgia	pages/Soviet_Nostalgia.html
Sovietwave	https://aesthetics.fandom.com/wiki/Sovietwave	pages/Sovietwave.html
Spacecore	https://aesthetics.fandom.com/wiki/Spacecore	pages/Spacecore.html
Spanish Golden Age	https://aesthetics.fandom.com/wiki/Spanish_Golden_Age	pages/Spanish_Golden_Age.html
Sprezzatura	https://aesthetics.fandom.com/wiki/Sprezzatura	pages/Sprezzatura.html
Spring	https://aesthetics.fandom.com/wiki/Spring	pages/Spring.html
Spy Fiction	https://aesthetics.fandom.com/wiki/Spy_Fiction	pages/Spy_Fiction.html
St Ives School	https://aesthetics.fandom.com/wiki/St_Ives_School	pages/St_Ives_School.html
Stalker	https://aesthetics.fandom.com/wiki/Stalker	pages/Stalker.html
Stargirl	https://aesthetics.fandom.com/wiki/Stargirl	pages/Stargirl.html
Starrflesh	https://aesthetics.fandom.com/wiki/Starrflesh	pages/Starrflesh.html
Steampunk	https://aesthetics.fandom.com/wiki/Steampunk	pages/Steampunk.html
Stilyagi	https://aesthetics.fandom.com/wiki/Stilyagi	pages/Stilyagi.html
Stonepunk	https://aesthetics.fandom.com/wiki/Stonepunk	pages/Stonepunk.html
Streamline Moderne	https://aesthetics.fandom.com/wiki/Streamline_Moderne	pages/Streamline_Moderne.html
Strega	https://aesthetics.fandom.com/wiki/Strega	pages/Strega.html
Studyblr	https://aesthetics.fandom.com/wiki/Studyblr	pages/Studyblr.html
Suburban Gothic	https://aesthetics.fandom.com/wiki/Suburban_Gothic	pages/Suburban_Gothic.html
Succubus Chic	https://aesthetics.fandom.com/wiki/Succubus_Chic	pages/Succubus_Chic.html
Sukeban	https://aesthetics.fandom.com/wiki/Sukeban	pages/Sukeban.html
Summer Matsuri	https://aesthetics.fandom.com/wiki/Summer_Matsuri	pages/Summer_Matsuri.html
Summer	https://aesthetics.fandom.com/wiki/Summer	pages/Summer.html
Superflat Pop	https://aesthetics.fandom.com/wiki/Superflat_Pop	pages/Superflat_Pop.html
Superflat	https://aesthetics.fandom.com/wiki/Superflat	pages/Superflat.html
Supergraphic Ultramodern	https://aesthetics.fandom.com/wiki/Supergraphic_Ultramodern	pages/Supergraphic_Ultramodern.html
Suprematism	https://aesthetics.fandom.com/wiki/Suprematism	pages/Suprematism.html
Surf Crush	https://aesthetics.fandom.com/wiki/Surf_Crush	pages/Surf_Crush.html
Surfer	https://aesthetics.fandom.com/wiki/Surfer	pages/Surfer.html
Surrealism	https://aesthetics.fandom.com/wiki/Surrealism	pages/Surrealism.html
Sweet Lolita	https://aesthetics.fandom.com/wiki/Sweet_Lolita	pages/Sweet_Lolita.html
Swenkas	https://aesthetics.fandom.com/wiki/Swenkas	pages/Swenkas.html
Symbolism	https://aesthetics.fandom.com/wiki/Symbolism	pages/Symbolism.html
Synthwave	https://aesthetics.fandom.com/wiki/Synthwave	pages/Synthwave.html
Tacticool	https://aesthetics.fandom.com/wiki/Tacticool	pages/Tacticool.html
Taisho Roman	https://aesthetics.fandom.com/wiki/Taisho_Roman	pages/Taisho_Roman.html
Takenokozoku	https://aesthetics.fandom.com/wiki/Takenokozoku	pages/Takenokozoku.html
Tango	https://aesthetics.fandom.com/wiki/Tango	pages/Tango.html
Technozen	https://aesthetics.fandom.com/wiki/Technozen	pages/Technozen.html
Techwear	https://aesthetics.fandom.com/wiki/Techwear	pages/Techwear.html
Tecktonik	https://aesthetics.fandom.com/wiki/Tecktonik	pages/Tecktonik.html
Teddy Boys	https://aesthetics.fandom.com/wiki/Teddy_Boys	pages/Teddy_Boys.html
Teenpunk	https://aesthetics.fandom.com/wiki/Teenpunk	pages/Teenpunk.html
Tenniscore	https://aesthetics.fandom.com/wiki/Tenniscore	pages/Tenniscore.html
Thai Modern	https://aesthetics.fandom.com/wiki/Thai_Modern	pages/Thai_Modern.html
That Girl	https://aesthetics.fandom.com/wiki/That_Girl	pages/That_Girl.html
Theatre Academia	https://aesthetics.fandom.com/wiki/Theatre_Academia	pages/Theatre_Academia.html
Thought Daughter	https://aesthetics.fandom.com/wiki/Thought_Daughter	pages/Thought_Daughter.html
Tiki	https://aesthetics.fandom.com/wiki/Tiki	pages/Tiki.html
TikTok Preppy	https://aesthetics.fandom.com/wiki/TikTok_Preppy	pages/TikTok_Preppy.html
Tokusatsu	https://aesthetics.fandom.com/wiki/Tokusatsu	pages/Tokusatsu.html
Tomato Girl Summer	https://aesthetics.fandom.com/wiki/Tomato_Girl_Summer	pages/Tomato_Girl_Summer.html
Tomboy	https://aesthetics.fandom.com/wiki/Tomboy	pages/Tomboy.html
Too Cool	https://aesthetics.fandom.com/wiki/Too_Cool	pages/Too_Cool.html
Toyism	https://aesthetics.fandom.com/wiki/Toyism	pages/Toyism.html
Trad Goth	https://aesthetics.fandom.com/wiki/Trad_Goth	pages/Trad_Goth.html
Tradcath Coquette	https://aesthetics.fandom.com/wiki/Tradcath_Coquette	pages/Tradcath_Coquette.html
Trailer Park Princess	https://aesthetics.fandom.com/wiki/Trailer_Park_Princess	pages/Trailer_Park_Princess.html
Tranquil Spa Graphics	https://aesthetics.fandom.com/wiki/Tranquil_Spa_Graphics	pages/Tranquil_Spa_Graphics.html
Trap Metal	https://aesthetics.fandom.com/wiki/Trap_Metal	pages/Trap_Metal.html
Traumacore	https://aesthetics.fandom.com/wiki/Traumacore	pages/Traumacore.html
Trillwave	https://aesthetics.fandom.com/wiki/Trillwave	pages/Trillwave.html
Trinketcore	https://aesthetics.fandom.com/wiki/Trinketcore	pages/Trinketcore.html
Tropical	https://aesthetics.fandom.com/wiki/Tropical	pages/Tropical.html
Tudor	https://aesthetics.fandom.com/wiki/Tudor	pages/Tudor.html
Tuscan Rustic	https://aesthetics.fandom.com/wiki/Tuscan_Rustic	pages/Tuscan_Rustic.html
Twee	https://aesthetics.fandom.com/wiki/Twee	pages/Twee.html
Tweencore	https://aesthetics.fandom.com/wiki/Tweencore	pages/Tweencore.html
Twilightcore	https://aesthetics.fandom.com/wiki/Twilightcore	pages/Twilightcore.html
Ukiyo-e	https://aesthetics.fandom.com/wiki/Ukiyo-e	pages/Ukiyoe.html
Ukrainian New Wave	https://aesthetics.fandom.com/wiki/Ukrainian_New_Wave	pages/Ukrainian_New_Wave.html
Ultras	https://aesthetics.fandom.com/wiki/Ultras	pages/Ultras.html
Unicorncore	https://aesthetics.fandom.com/wiki/Unicorncore	pages/Unicorncore.html
Uptown Girl	https://aesthetics.fandom.com/wiki/Uptown_Girl	pages/Uptown_Girl.html
Urbancore	https://aesthetics.fandom.com/wiki/Urbancore	pages/Urbancore.html
Urban Fantasy	https://aesthetics.fandom.com/wiki/Urban_Fantasy	pages/Urban_Fantasy.html
UrBling	https://aesthetics.fandom.com/wiki/UrBling	pages/UrBling.html
Utopian Scholastic	https://aesthetics.fandom.com/wiki/Utopian_Scholastic	pages/Utopian_Scholastic.html
Vacation Dadcore	https://aesthetics.fandom.com/wiki/Vacation_Dadcore	pages/Vacation_Dadcore.html
Vampire	https://aesthetics.fandom.com/wiki/Vampire	pages/Vampire.html
Vanilla Girl	https://aesthetics.fandom.com/wiki/Vanilla_Girl	pages/Vanilla_Girl.html
Vaporwave	https://aesthetics.fandom.com/wiki/Vaporwave	pages/Vaporwave.html
Vectorflourish	https://aesthetics.fandom.com/wiki/Vectorflourish	pages/Vectorflourish.html
Vectorheart	https://aesthetics.fandom.com/wiki/Vectorheart	pages/Vectorheart.html
Venetian Carnival	https://aesthetics.fandom.com/wiki/Venetian_Carnival	pages/Venetian_Carnival.html
Victorian	https://aesthetics.fandom.com/wiki/Victorian	pages/Victorian.html
Victorian Goth	https://aesthetics.fandom.com/wiki/Victorian_Goth	pages/Victorian_Goth.html
Viking	https://aesthetics.fandom.com/wiki/Viking	pages/Viking.html
Vintage Americana	https://aesthetics.fandom.com/wiki/Vintage_Americana	pages/Vintage_Americana.html
Vintage British Sportsman	https://aesthetics.fandom.com/wiki/Vintage_British_Sportsman	pages/Vintage_British_Sportsman.html
Visigothic Art	https://aesthetics.fandom.com/wiki/Visigothic_Art	pages/Visigothic_Art.html
Visual Kei	https://aesthetics.fandom.com/wiki/Visual_Kei	pages/Visual_Kei.html
Vorticism	https://aesthetics.fandom.com/wiki/Vorticism	pages/Vorticism.html
VSCO Girl	https://aesthetics.fandom.com/wiki/VSCO_Girl	pages/VSCO_Girl.html
Vulture Culture	https://aesthetics.fandom.com/wiki/Vulture_Culture	pages/Vulture_Culture.html
Wabi-Sabi	https://aesthetics.fandom.com/wiki/Wabi-Sabi	pages/WabiSabi.html
Waif	https://aesthetics.fandom.com/wiki/Waif	pages/Waif.html
Webcore	https://aesthetics.fandom.com/wiki/Webcore	pages/Webcore.html
Weeaboo	https://aesthetics.fandom.com/wiki/Weeaboo	pages/Weeaboo.html
Weirdcore	https://aesthetics.fandom.com/wiki/Weirdcore	pages/Weirdcore.html
Welwitschia Goth	https://aesthetics.fandom.com/wiki/Welwitschia_Goth	pages/Welwitschia_Goth.html
Werewolf	https://aesthetics.fandom.com/wiki/Werewolf	pages/Werewolf.html
Western	https://aesthetics.fandom.com/wiki/Western	pages/Western.html
Whimsicraft	https://aesthetics.fandom.com/wiki/Whimsicraft	pages/Whimsicraft.html
Whimsigothic	https://aesthetics.fandom.com/wiki/Whimsigothic	pages/Whimsigothic.html
Whimsy Twee	https://aesthetics.fandom.com/wiki/Whimsy_Twee	pages/Whimsy_Twee.html
Winter	https://aesthetics.fandom.com/wiki/Winter	pages/Winter.html
Winter Fairy Coquette	https://aesthetics.fandom.com/wiki/Winter_Fairy_Coquette	pages/Winter_Fairy_Coquette.html
Witchcore	https://aesthetics.fandom.com/wiki/Witchcore	pages/Witchcore.html
Witch House	https://aesthetics.fandom.com/wiki/Witch_House	pages/Witch_House.html
Wixa	https://aesthetics.fandom.com/wiki/Wixa	pages/Wixa.html
Wizardcore	https://aesthetics.fandom.com/wiki/Wizardcore	pages/Wizardcore.html
Wonderland	https://aesthetics.fandom.com/wiki/Wonderland	pages/Wonderland.html
Wota	https://aesthetics.fandom.com/wiki/Wota	pages/Wota.html
Wuxia	https://aesthetics.fandom.com/wiki/Wuxia	pages/Wuxia.html
XO	https://aesthetics.fandom.com/wiki/XO	pages/XO.html
Xpiritualism	https://aesthetics.fandom.com/wiki/Xpiritualism	pages/Xpiritualism.html
Y2K	https://aesthetics.fandom.com/wiki/Y2K	pages/Y2K.html
Y2K Futurism	https://aesthetics.fandom.com/wiki/Y2K_Futurism	pages/Y2K_Futurism.html
Yabi	https://aesthetics.fandom.com/wiki/Yabi	pages/Yabi.html
Yakuza	https://aesthetics.fandom.com/wiki/Yakuza	pages/Yakuza.html
Yami Kawaii	https://aesthetics.fandom.com/wiki/Yami_Kawaii	pages/Yami_Kawaii.html
Yandere	https://aesthetics.fandom.com/wiki/Yandere	pages/Yandere.html
Yanki	https://aesthetics.fandom.com/wiki/Yanki	pages/Yanki.html
Yé-yé	https://aesthetics.fandom.com/wiki/Y%C3%A9-y%C3%A9	pages/Yéyé.html
Yōkai	https://aesthetics.fandom.com/wiki/Y%C5%8Dkai	pages/Yōkai.html
Young Poland	https://aesthetics.fandom.com/wiki/Young_Poland	pages/Young_Poland.html
Yugo-Nostalgia	https://aesthetics.fandom.com/wiki/Yugo-Nostalgia	pages/Yugo-Nostalgia.html
Yume Kawaii	https://aesthetics.fandom.com/wiki/Yume_Kawaii	pages/Yume_Kawaii.html
Yuppie	https://aesthetics.fandom.com/wiki/Yuppie	pages/Yuppie.html
Zakopane Style	https://aesthetics.fandom.com/wiki/Zakopane_Style	pages/Zakopane_Style.html
Zazou	https://aesthetics.fandom.com/wiki/Zazou	pages/Zazou.html
Zenitism	https://aesthetics.fandom.com/wiki/Zenitism	pages/Zenitism.html
Zombie Apocalypse	https://aesthetics.fandom.com/wiki/Zombie_Apocalypse	pages/Zombie_Apocalypse.html
